Company Name,Pitch Year,Industry Served (organized),State Headquartered,Princeton Connection? (Binary),Total Amount Currently Raising,Amount Already Closed of the Total Currently Raising,[Gender] Does anyone on your founding team identify as:,[Race/Ethnicity] Does anyone on your founding team identify as:,Has anyone on your founding team ever served on active duty?
Thousand Fell,2018,Retail,New York,Yes,600000,50000,,,
Wheeli Corporation,2018,Transportation,New York,No,1000000,400000,,,
MindHome Inc.,2018,Insurance,Colorado,Yes,1000000,250000,,,
Verstill,2018,Food & Drink,Israel,Yes,1000000,100000,,,
"Forte Nexus, Inc.",2018,Healthcare Technologies,New York,Yes,2000000,910000,,,
Sandstone Diagnostics,2018,Healthcare Technologies,California,Yes,5000000,1000000,,,
Loco Events Inc,2018,Other,California,Yes,75000,0,,,
Yombu Inc.,2018,Financial Services,Virginia,Yes,500000,150000,,,
ZED Network Inc.,2018,FinTech,"Ontario, Canada",Yes,5000000,0,,,
JOro,2018,Energy & CleanTech,Massachusetts,Yes,500000,200000,,,
"Twenty Nine Enterprises, Inc.",2018,Advertising Technology,New York,No,1500000,0,,,
PhysioCue,2018,Healthcare Technologies,California,Yes,5000000,3000000,,,
ExpressCells,2018,Biotechnology,Pennsylvania,Yes,500000,0,,,
"Buttonwood Merchants, LLC",2018,Financial Services,Connecticut,Yes,1200000,100000,,,
"Olden Street Machine Learning, Inc",2018,FinTech,New Jersey,Yes,600000,35000,,,
Kensho,2018,Healthcare Technologies,New York,Yes,700000,125000,,,
Pulse Telemedicine Technologies,2018,Healthcare Technologies,New York,Yes,2000000,100000,,,
"CoFare, Inc.",2018,eCommerce,New Jersey,Yes,250000,125000,,,
"Palmyra Exchange, Inc.",2018,Financial Services,New York,Yes,1300000,250000,,,
Yoga Vida LLC,2018,Health & Well-Being,New York,Yes,2400000,1400000,,,
Perkin & Perkin LLC,2018,Consumer Services,New York,No,2500000,1500000,,,
"Lithero, LLC",2018,Healthcare Technologies,Pennsylvania,Yes,500000,125000,,,
EPICA,2018,Artificial Intelligence,Florida,Yes,2500000,1250000,,,
Broker Buddha,2018,Insurance,New York,Yes,4000000,1587500,,,
OpenRefactory,2018,Information Security,California,Yes,400000,225000,,,
PopLearn Inc,2018,EdTech,California,Yes,500000,0,,,
Marketing As A Service Inc,2018,Advertising Technology,New York,Yes,600000,225000,,,
Spaceus LLC,2018,Art,Massachusetts,Yes,1500000,0,,,
Jumpstart Energy Inc.,2018,Energy & CleanTech,Washington,Yes,100000,0,,,
"Paladin PBC, Inc.",2018,Legal,New York,Yes,500000,250000,,,
Verity Blockchain Security,2018,FinTech,N/A,Yes,1000000,0,,,
Arimathea Media Capital Ltd.,2018,Media & Entertainment,New York,Yes,500000,0,,,
Occupassion,2018,Artificial Intelligence,California,No,300000,300000,,,
JULIETTE INC.,2018,Cleaning Services,New York,Yes,500000,0,,,
"Prokaryotics, Inc.",2018,Pharmaceutical,New Jersey,Yes,5036115,600000,,,
"YesPlz, Inc.",2018,Artificial Intelligence,California,Yes,1000000,20000,,,
"Meet-X, Inc",2018,Social Media,New York,No,600000,0,,,
Story2,2018,Education,New York,Yes,1000000,700000,,,
"Alpha Hat, Inc.",2018,FinTech,New York,Yes,2000000,250000,,,
SW Analytics LLC,2018,Sports,"Washington, D.C.",Yes,550000,0,,,
Invictis Technologies,2018,Healthcare Technologies,New Jersey,Yes,100000,0,,,
"Frequency, Inc.",2018,Advertising Technology,New York,No,1000000,0,,,
"Barwis Enterprises, Inc.",2018,Healthcare Technologies,New York,No,1500000,1100000,,,
"Skope, LLC",2018,Healthcare Technologies,Texas,Yes,1000000,0,,,
Status Money Inc.,2018,FinTech,New York,Yes,2000000,1000000,,,
Great Masters Art Authentication,2018,Art,California,Yes,2500000,0,,,
"JKE Media & News, Inc",2018,Social Media,New York,Yes,2500000,22500,,,
HoloSurg3D,2018,Healthcare Technologies,California,Yes,1500000,105000,,,
Swings,2018,Health & Well-Being,New York,Yes,1250000,0,,,
carbin,2018,Other,Massachusetts,No,500000,25000,,,
Kipit,2018,Consumer Services,New York,Yes,500000,100000,,,
"TMHS, Inc.",2018,Health & Well-Being,New York,Yes,500000,100000,,,
The St. Barts Spirit Company,2018,Food & Drink,California,Yes,750000,500000,,,
Inspirave LLC,2018,FinTech,New York,Yes,1000000,150000,,,
"Hue.Ai, LLC",2018,Healthcare Technologies,Virginia,Yes,1000000,500000,,,
Street Smarts VR,2018,GovTech,New York,Yes,1500000,300000,,,
Alpha.One,2018,Advertising Technology,Netherlands,Yes,930000,232500,,,
"Riveted Labs USA, Inc.",2018,EdTech,New York,Yes,1500000,730000,,,
"Equani, LLC",2018,Advertising Technology,New York,Yes,2355000,545000,,,
Condro Corp,2018,Consumer Services,Florida,Yes,3000000,0,,,
BoxPower Inc.,2018,Energy & CleanTech,California,Yes,750000,125000,,,
BioSapien Inc.,2018,Healthcare Technologies,New Jersey,Yes,600000,18000,,,
borderless co.,2018,FinTech,New York,Yes,600000,0,,,
Princeton Climate Analytics Inc.,2018,Energy & CleanTech,New Jersey,Yes,850000,0,,,
"Snakt, Inc.",2018,Media & Entertainment,New York,Yes,500000,225000,,,
DonorUP,2018,Other,New York,Yes,500000,225000,,,
"Tigerstone, Inc",2018,Information Technology,New Jersey,Yes,250000,225000,,,
"DDA, Inc.",2018,Healthcare Technologies,Washington,Yes,10000000,0,,,
Radvocate Inc.,2018,Legal,California,Yes,250000,50000,,,
MedicalTales,2018,Healthcare Technologies,New York,Yes,500000,300000,,,
Tendo Technologies,2018,Health & Beauty,New Jersey,Yes,250000,0,,,
Plong Inc,2018,eCommerce,California,Yes,100000,0,,,
Raptors Design,2018,Energy & CleanTech,New Hampshire,Yes,1500000,0,,,
Jomo Cuts,2018,Consumer Services,New York,Yes,500000,0,,,
Chiromics.LLC,2018,Biotechnology,New Jersey,Yes,0,0,,,
Clibsy LLC,2019,Media & Entertainment,New Jersey,No,500000,0,,,
"Leaping Harts, Inc.",2019,FinTech,Florida,No,500000,10000,,,
CHIMES NJ LLC,2019,Other,New Jersey,No,1000000,0,,,
Well Crafted Systems Inc,2019,SaaS Software,Massachusetts,Yes,750000,17000,,,
BrandVerge,2019,SaaS Software,New York,No,500000,50000,,,
Curie Co. Inc.,2019,Biotechnology,California,Yes,1000000,1070000,,,
Hempitecture Inc.,2019,Manufacturing,Idaho,Yes,250000,0,,,
SILK + SONDER,2019,Consumer Services,California,No,0,0,,,
"Forte Nexus, Inc.",2019,Healthcare Technologies,New York,No,2000000,1000000,,,
Tasit Labs,2019,FinTech,N/A,Yes,1000000,0,,,
Petra Power,2019,Automobile,Ohio,Yes,60000,0,,,
Traveler Surf Club,2019,Sports,California,Yes,750000,440000,,,
Open Data Nation,2019,Insurance,"Washington, D.C.",No,100000,100000,,,
PlaySVG,2019,Sports,New York,Yes,400000,30000,,,
Fluent BioSciences,2019,Healthcare Technologies,Massachusetts,Yes,1400000,350000,,,
ROYBI,2019,EdTech,California,Yes,500000,250000,,,
BMSEED,2019,Healthcare Technologies,Arizona,Yes,1000000,0,,,
Dittach LLC,2019,Computer Systems,New York,Yes,2000000,200000,,,
Weekender Classic Beer Co. LLC,2019,Consumer Services,New York,Yes,2000000,100000,,,
Ackerley Horner LLC,2019,Retail,Pennsylvania,No,1000000,500000,,,
"ExpressCells, Inc.",2019,Healthcare Technologies,Pennsylvania,Yes,500000,205000,,,
"RxThat, Inc.",2019,Healthcare Technologies,Colorado,Yes,2500000,1500000,,,
"Olden Street Machine Learning, Inc.",2019,FinTech,New Jersey,Yes,5000000,4000000,,,
"Bra Theory, Inc.",2019,Retail,New York,Yes,500000,100000,,,
"Revelio Labs, Inc",2019,FinTech,New York,No,350000,168000,,,
"Radius8, Inc.",2019,Retail,New Jersey,Yes,1000000,3602000,,,
"Stuypend, Inc.",2019,FinTech,New York,Yes,500000,40000,,,
"Millie, PBC",2019,Other,Massachusetts,Yes,250000,70000,,,
FLOAT/THERE,2019,Travel,Pennsylvania,Yes,150000,0,,,
Broker Buddha Inc,2019,Insurance,New York,Yes,1000000,240000,,,
Foxhall Wythe LLC,2019,Healthcare Technologies,New York,Yes,500000,210000,,,
Psychological Technologies,2019,Health & Well-Being,United Kingdom,Yes,2000000,0,,,
"Visionary Access, Inc.",2019,Other,New York,Yes,2000000,100000,,,
The BrainFit Institute,2019,Healthcare Technologies,New York,Yes,0,0,,,
MindHome Inc.,2019,Insurance,Colorado,Yes,1000000,500000,,,
"Cartful Solutions, Inc.",2019,eCommerce,New York,Yes,600000,150000,,,
Tone Inc.,2019,Communication Services,New York,Yes,0,0,,,
"Wellesley Pharmaceuticals, LLC",2019,Healthcare Technologies,Pennsylvania,Yes,14500000,4500000,,,
Picnic Tax Inc,2019,Other,New York,Yes,2000000,0,,,
"Som Friends, Inc.",2019,Food & Drink,California,Yes,4000000,1500000,,,
"YesPlz, Inc",2019,eCommerce,California,Yes,750000,100000,,,
Align17,2019,FinTech,United Kingdom,Yes,2000000,1275000,,,
"Concarlo Holdings, LLC",2019,Healthcare Technologies,New York,Yes,2000000,350000,,,
Otto,2019,Healthcare Technologies,New York,Yes,500000,0,,,
"Stout Heart, Inc.",2019,Healthcare Technologies,California,Yes,5000,10000,,,
Perkin & Perkin LLC,2019,Consumer Services,New York,No,1500000,150000,,,
"CathBuddy, Inc.",2019,Healthcare Technologies,New York,Yes,750000,0,,,
Legacy Navigator,2019,Other,Virginia,Yes,5000000,3000000,,,
Spoonful Inc.,2019,Healthcare Technologies,California,Yes,1000000,250000,,,
"Strategic Capital Allocation Group, LLC",2019,FinTech,Massachusetts,Yes,500000,150000,,,
Mammamia LLC,2019,CBD,California,Yes,500000,250000,,,
Upate,2019,Travel,Argentina,Yes,8000000,0,,,
Quinncia,2019,Education,Massachusetts,No,1100000,550000,,,
Invictis Technologies,2019,Healthcare Technologies,New Jersey,Yes,300000,0,,,
CREO DESIGN LLC,2019,Energy & CleanTech,California,Yes,750000,450000,,,
RSLL Ventures,2019,Other,California,Yes,200000,30000,,,
"Twenty Nine Enterprises, Inc.",2019,Advertising Technology,New York,No,500000,0,,,
"Stratyfy, Inc.",2019,FinTech,New York,Yes,750000,525000,,,
ePropertyCare Corporation,2019,Real Estate,Massachusetts,Yes,0,0,,,
Growsquares Inc.,2019,Agricultural Technology,New York,Yes,1500000,760000,,,
"Sveikatal, Inc.",2019,Biotechnology,New York,Yes,9000000,200000,,,
N/A,2019,HR Tech,Pennsylvania,Yes,10000,0,,,
The Art of the Interview,2019,Media & Entertainment,New York,Yes,175000,10000,,,
ZGTL,2019,Health & Beauty,New York,Yes,2000000,500000,,,
"EINO, Inc.",2019,Artificial Intelligence,New York,No,500000,25000,,,
DonorUP,2019,Consumer Services,New York,Yes,750000,250000,,,
"Perch Interactive, Inc.",2019,Retail,New York,Yes,500000,3600000,,,
"Silicon Harlem, LLC",2019,Other,New York,Yes,300000,60000,,,
Lilu,2019,Healthcare Technologies,New York,No,750000,200000,,,
"Zinc Life, Inc.",2019,EdTech,New York,Yes,500000,350000,,,
"DENTIDESK, Inc.",2019,Healthcare Technologies,Florida,No,1000000,450000,,,
Nokking Inc,2019,Advertising Technology,New York,No,1.5,200000,,,
CloudKPI,2019,SaaS Software,Connecticut,Yes,1500000,820000,,,
Authenticum,2019,Art,California,Yes,3000000,400000,,,
Pürro,2019,EdTech,New York,Yes,100000,7000,,,
"BLUEWAVE Technologies, Inc.",2019,Healthcare Technologies,Florida,No,2000000,740000,,,
Linumio Inc.,2019,Media & Entertainment,California,No,1500000,300000,,,
"Quantum Heart, Inc",2019,Life Sciences,New York,Yes,750000,30000,,,
"Guanyin Labs, Inc.",2019,HR Tech,California,Yes,500000,0,,,
Indigo Education Company,2019,Education,Colorado,Yes,1500000,200000,,,
MEDVILLE CORP,2019,Healthcare Technologies,California,Yes,2000000,300000,,,
We Are the New Farmers,2019,Healthcare Technologies,New York,Yes,250000,140000,,,
Verstill,2019,Food & Drink,Israel,Yes,500000,300000,,,
BoxPower Inc.,2019,Energy & CleanTech,California,Yes,750000,125000,,,
BLENDtw,2019,Media & Entertainment,New York,No,200000,10000,,,
Lucid Science Inc,2019,Healthcare Technologies,California,Yes,1000000,500000,,,
"Open Refactory, Inc.",2019,Other,California,Yes,300000,100000,,,
"Tigerstone, Inc",2019,Other,New Jersey,Yes,200000,25000,,,
Kipit Inc,2019,Electronics / Instrumentation,New York,Yes,800000,100000,,,
Calm Child LLC,2019,Health & Well-Being,New York,Yes,100000,0,,,
"CampusTech, Inc.",2019,Education,New York,Yes,2600000,1500000,,,
"Snakt, Inc.",2019,Media & Entertainment,New York,Yes,600000,475000,,,
WellPower,2019,Energy & CleanTech,New Jersey,Yes,150000,20000,,,
Jacaranda Technology LLC,2019,Health & Well-Being,Florida,Yes,800000,100000,,,
Potboiler LLC,2019,News,New York,Yes,350000,60000,,,
Twentyeight Health,2019,Healthcare Technologies,New York,Yes,800000,300000,,,
"GratWorx, Inc.",2019,Healthcare Technologies,California,Yes,8000000,2000000,,,
Virtual Film School Inc,2019,Education,California,Yes,1000000,100000,,,
"SIRL, Inc.",2019,Retail,New York,Yes,1000000,0,,,
"Wit Labs, Inc.",2019,Consumer Services,New Jersey,Yes,1000000,250000,,,
"Bartleby, Inc.",2019,Legal,New York,Yes,135000,0,,,
Aduri Inc.,2019,Healthcare Technologies,New York,Yes,500000,0,,,
"Predictive Cyber Protection, LLC",2019,FinTech,Pennsylvania,Yes,225000,75000,,,
3Diligent Corporation,2019,Manufacturing,California,Yes,1000000,400000,,,
WellSheet Inc.,2019,Healthcare Technologies,New Jersey,Yes,500000,200000,,,
PICKT,2019,Sports and Entertainment,Nevada,Yes,350000,0,,,
AlexandriaMus Inc.,2019,Education,California,Yes,100000,0,,,
myVnews,2019,News,California,Yes,1000000,100000,,,
Afari Inc,2019,Consumer Services,New Jersey,Yes,500000,0,,,
BootCareers.Inc,2019,HR Tech,California,Yes,800000,100000,,,
Lambent Data Inc.,2019,Other,New Jersey,Yes,350000,0,,,
Silivhere Technologies,2019,Energy & CleanTech,Virginia,Yes,500000,150000,,,
"myLAB BOX, Inc.",2019,Healthcare Technologies,California,Yes,1000000,0,,,
Qualtrus,2019,Pharmaceuticals,California,Yes,400000,50000,,,
Upate,2019,Travel,Argentina,Yes,8000000,0,,,
Societas Analytics,2019,Information Security,Virginia,No,500000,60000,,,
Arithos,2019,FinTech,California,Yes,500000,0,,,
Flapless Femtosecond LASIK,2019,Healthcare Technologies,New Jersey,Yes,250000,150000,,,
Kolanut Capital,2019,Agricultural Technology,New York,Yes,250000,50000,,,
Sway Products LLC,2019,CBD,New York,Yes,600000,100000,,,
"Goldilocks Therapeutics, Inc.",2019,Healthcare Technologies,New York,Yes,500000,100000,,,
Triaj Inc,2019,Healthcare Technologies,Maryland,Yes,5000000,500000,,,
Amnicell Corporation,2019,Healthcare Technologies,New York,Yes,15000000,2000000,,,
"Journify, Inc.",2019,Healthcare Technologies,New York,No,800000,0,,,
Presently,2019,Travel,California,Yes,150000,0,,,
Fontmoji Inc.,2019,Social Media,New York,No,500000,0,,,
Armington Studios,2019,Healthcare Technologies,Rhode Island,No,1000000,275000,,,
One Done Inc,2019,Cleaning Services,New York,No,150000,0,,,
GrowSquares Inc,2019,Agricultural Technology,New York,Yes,2000000,875000,,,
Avocondo Company,2019,FinTech,New York,No,1000000,300000,,,
New Territory,2019,Real Estate,New York,Yes,5000000,500000,,,
"CathBuddy, Inc.",2019,Healthcare Technologies,New York,Yes,500000,100000,,,
Dwell Optimal Inc,2019,Real Estate,New York,Yes,1500000,200000,,,
"Re-Nuble, Inc.",2019,Agricultural Technology,New York,No,1000000,500000,,,
Etail Inc,2019,Food & Drink,New York,Yes,530000,0,,,
"Stratyfy, Inc",2019,FinTech,New York,Yes,2500000,0,,,
Aduri,2019,Healthcare Technologies,New York,Yes,500000,200000,,,
Altus Labs,2019,Healthcare Technologies,Colorado,Yes,3000000,1000000,,,
Health Alert LLC,2019,Healthcare Technologies,Idaho,Yes,500000,50000,,,
ShipReality Inc.,2019,Transportation,"Athens, Greece",Yes,250000,50000,,,
"Black Oaks Management, Inc.",2019,Consumer Products,California,Yes,1500000,335000,,,
"PolyAurum, LLC",2019,Healthcare Technologies,Pennsylvania,Yes,1300000,345000,,,
Verstill,2019,Food & Drink,Israel,Yes,1000000,430000,,,
Pocket Naloxone Corp.,2019,Healthcare Technologies,Maryland,Yes,2000000,550000,,,
"Precision Livestock Technologies, Inc.",2019,Agricultural Technology,Texas,Yes,300000,30000,,,
"Lilu, Inc",2019,Healthcare Technologies,New York,No,1500000,0,,,
Lifenome,2019,Insurance,New York,Yes,5000000,2225000,,,
Nanochon,2019,Healthcare Technologies,"Washington, D.C.",No,3500000,100000,,,
Align17 Ltd.,2019,FinTech,New York,Yes,175000,1825000,,,
GEIA SAPI CV,2019,FinTech,Mexico,Yes,500000,150000,,,
FLOAT/THERE Inc.,2019,Travel,Pennsylvania,Yes,200000,40000,,,
"Stuypend, Inc.",2019,FinTech,New York,Yes,500000,40000,,,
ARKAY Therapeutics,2019,Pharmaceuticals,New Jersey,No,2500500,50000,,,
Principld Investing Inc.,2019,FinTech,New York,Yes,800000,245000,,,
owal,2019,Real Estate,New York,Yes,2500000,1500000,,,
"trUSx, Inc",2019,Healthcare Technologies,Vermont,Yes,6000000,250000,,,
VICI Sports,2019,Media & Entertainment,New York,Yes,300000,260000,,,
Spare,2019,FinTech,California,Yes,2000000,410000,,,
"EasyKale Labs, LLC",2019,Consumer Products,Mississippi,Yes,750000,0,,,
OnRisk Inc.,2019,Insurance,New Jersey,Yes,750000,100000,,,
Wesa LLC,2019,Automobile,New York,Yes,1000000,0,,,
PlaySVG,2019,Sports,New York,Yes,900000,30000,,,
"Pocketful of Quarters, Inc",2019,Sports,Connecticut,Yes,2000000,150000,,,
FLYUPAV,2019,Automobile,New York,Yes,1000000,50000,,,
Solootions LLC,2019,Healthcare Technologies,Connecticut,Yes,200000,0,,,
Co/Lab,2019,Research,New Jersey,Yes,50000,0,,,
ALAFIA SPS,2019,Healthcare Technologies,Maryland,Yes,1000000,0,,,
Blyz Inc.,2019,Consumer Services,Florida,Yes,2000000,0,,,
We Are the New Farmers,2019,Food & Drink,New York,Yes,300000,170000,,,
Hora Education and Services Pvt. Ltd..,2019,FinTech,Gurgaon,Yes,1000000,775000,,,
Meaningful Work Ltd,2019,Artificial Intelligence,United Kingdom,Yes,250000,0,,,
Spoonful Inc.,2019,Healthcare Technologies,California,Yes,750000,250000,,,
L'AMARUE,2019,Health & Beauty,New York,Yes,650000,0,,,
Reebeez,2019,Energy & CleanTech,New York,Yes,1000000,220000,,,
"GigKloud, Inc.",2019,Other,New York,No,500000,0,,,
"Nix, Inc.",2019,Healthcare Technologies,Massachusetts,No,2500000,550000,,,
"Monte Sereno Ventures, West Africa Limited (MSV)",2019,Food & Drink,Maryland,Yes,500000,0,,,
"Concarlo Holdings, LLC",2019,Healthcare Technologies,New York,Yes,3000000,600000,,,
"Social Dining, Inc.",2019,Travel,Massachusetts,Yes,2250000,750000,,,
WAVE Systems LLC,2019,Other,Connecticut,Yes,400000,250000,,,
Emergent Elements Inc.,2019,Energy & CleanTech,New York,Yes,650000,0,,,
"Cecelia Health, Inc.",2019,Healthcare Technologies,New York,Yes,3000000,0,,,
Foody.com.co,2019,Food & Drink,Colombia,Yes,2000000,780000,,,
Boonan Inc/Onehot Inc,2019,Consumer Services,New York,Yes,600000,0,,,
UPROOT,2019,FinTech,New Jersey,Yes,400000,0,,,
Hiki,2019,Communication Services,New York,Yes,500000,350000,,,
Plump Plum Company,2019,Retail,New York,Yes,2000000,100000,,,
ALEX.fyi LLC,2019,Insurance,New York,Yes,2000000,0,,,
"Snakt, Inc.",2019,Other,New York,Yes,350000,100000,,,
"WellPower Technologies, Inc.",2019,Other,New Jersey,Yes,250000,15000,,,
Acadia Media LLC,2019,Media & Entertainment,California,Yes,6000000,50000,,,
Geopipe,2019,Automobile,New York,Yes,500000,275000,,,
Tail Risk LLC,2019,FinTech,New York,Yes,400000,10000,,,
Reclaim Energies,2019,Energy & CleanTech,New Jersey,Yes,200000,0,,,
3Diligent Corporation,2019,Manufacturing,California,Yes,1100000,810000,,,
iissllaanndd inc.,2019,Social Media,California,Yes,300000,0,,,
Instrumems Inc.,2019,Healthcare Technologies,California,Yes,5000000,2200000,,,
Craevotieous Inc.,2019,Other,New York,Yes,500000,50000,,,
Humbled Media,2019,Other,New York,Yes,1500000,0,,,
Camino Travel Inc.,2019,Food & Drink,California,Yes,200000,0,,,
Lifesaver,2019,FinTech,New York,Yes,250000,295000,,,
QOR360,2019,Other,Vermont,Yes,500000,0,,,
StrattyX INC,2019,FinTech,Massachusetts,Yes,2000000,150000,,,
One Done Inc,2019,Cleaning Services,New York,No,150000,20000,,,
BoxPower Inc.,2019,Energy & CleanTech,California,Yes,1000000,700000,,,
Oleum Naturals Inc.,2019,Other,New York,Yes,2000000,0,,,
"The Good Earth Organics, Inc.",2019,Agricultural Technology,Oregon,No,1500000,750000,,,
Forktrotter,2020,Food & Drink,New Jersey,Yes,500000,0,,,
"52 Capital Partners, LLC",2020,Financial Services,California,Yes,1000000,0,,,
locai solutions,2020,Other,Colorado,Yes,2000000,860000,,,
Carpe Diem Social LLC,2020,Communication Services,"Washington, D.C.",Yes,500000,0,Female,"African-American / Black, East Asian, Middle Eastern",No
Medsix,2020,Healthcare Technologies,Massachusetts,No,100000,500000,Male,South Asian,No
"eino, Inc.",2020,Other,New York,Yes,1800000,0,Male,Persian,No
"ArroSocial, Inc.",2020,Social Media,New Jersey,Yes,500000,30000,"Female, Male","South Asian, White",No
Petra Power,2020,Transportation,Ohio,Yes,2000000,0,"Male, Prefer Not to Say","Hispanic/Latinx, White",No
BoardSeatMeet Inc,2020,Energy & CleanTech,California,Yes,500000,80000,"Female, Male","East Asian, South Asian",No
Chinah USA LLC,2020,Food & Drink,New Jersey,Yes,1200000,500000,Male,East Asian,No
"C. Light Technologies, Inc.",2020,Healthcare Technologies,California,No,1250000,0,Female,White,No
"Lottery Now, Inc",2020,FinTech,California,Yes,2000000,250000,Male,White,No
Parsec Media Inc.,2020,Advertising Technology,New York,Yes,2000000,300000,"Female, Male","None of the above (please specify in ""Other"")",No
ATTORNEY ET AL INC,2020,Social Media,California,No,1060000,20000,Male,"American Indian/Alaskan Native, Middle Eastern, White",No
Tassat Group LLC,2020,FinTech,N/A,Yes,25000000,12000000,Male,"None of the above (please specify in ""Other"")",No
"Orthobond Spine, LLC",2020,Healthcare Technologies,New Jersey,Yes,5000000,350000,"Female, Male",White,No
GrowSquares Inc.,2020,Agricultural Technology,New York,Yes,2000000,1100000,Male,African-American / Black,No
PhysioCue,2020,Healthcare Technologies,California,No,1000000,3000000,Male,East Asian,No
ExamD,2020,EdTech,New Jersey,No,400000,0,Male,Southeast Asian,No
nanopathdx LLC,2020,Healthcare Technologies,New Hampshire,Yes,100000,6000,Female,South Asian,No
"Forsight, inc.",2020,Manufacturing,California,Yes,250000,225000,Male,White,No
Ravyn Technology Corporation,2020,GovTech,California,Yes,0,0,Male,"South Asian, White",No
"My Game Changer, Inc.",2020,eCommerce,Connecticut,Yes,1500000,0,Female,White,No
"GovInvest, Inc.",2020,GovTech,California,Yes,1000000,3100000,"Female, Male","Hispanic/Latinx, American Indian/Alaskan Native, Southeast Asian, White",Yes
Elite Soccer Conference LLC,2020,Sports,Texas,Yes,30000,15000,Male,Hispanic/Latinx,No
"Orderly Health, Inc.",2020,Healthcare Technologies,Colorado,Yes,2000000,800000,"Female, Male",White,Yes
Principld Investing Inc.,2020,FinTech,New York,Yes,600000,300000,Male,"Hispanic/Latinx, White",No
"Green Options, Inc",2020,Food & Drink,Oregon,No,450000,150000,Female,White,No
"Arica US, Inc",2020,Other,California,Yes,500000,0,"Female, Male",White,No
3quilibrium Co.,2020,Media & Entertainment,New York,No,700000,50000,Male,"East Asian, White",No
FLOAT/THERE Inc.,2020,Travel,Pennsylvania,Yes,1200000,0,Female,East Asian,No
SelfPass,2020,Information Security,New York,Yes,1000000,0,Male,African-American / Black,No
Parkside Scientific Inc.,2020,Biotechnology,New York,Yes,2000000,0,Male,"East Asian, White",No
PROJECT DIOPTRA,2020,Healthcare Technologies,New York,No,1000000,50000,Female,"East Asian, White",No
Tendo Technologies,2020,Manufacturing,New Jersey,Yes,1800000,0,Male,"East Asian, White",Yes
Prinsta,2020,Electronics,New York,No,200000,150000,Male,"African, White",No
Articulate Labs,2020,Healthcare Technologies,Texas,No,750000,100000,Male,White,No
VasoGnosis Inc.,2020,Healthcare Technologies,Wisconsin,No,1500000,230000,Male,White,No
Vitrix Health,2020,Healthcare Technologies,Illinois,No,550000,115000,Male,South Asian,No
"Aerosol Therapeutics, LLC",2020,Pharmaceuticals,New York,Yes,800000,0,Male,White,No
"Hiki, Inc.",2020,Social Media,New York,Yes,500000,115000,Male,African-American / Black,No
"ClearValue Energy, Inc.",2020,Energy & CleanTech,Texas,Yes,20000000,0,Male,White,Yes
"Stingray Therapeutics, Inc.",2020,Pharmaceuticals,Texas,No,5000000,2000000,Male,"South Asian, White",No
"Curated Planet, Inc.",2020,Travel,Illinois,No,1000000,0,"Female, Male","White, Eastern European",No
Breathing.AI,2020,Healthcare Technologies,New York,Yes,1200000,11000,Human Being,Human Being,No
QSM Diagnostics Inc.,2020,Other,Massachusetts,Yes,200000,50000,Male,White,No
Aduri,2020,Health & Well-Being,New York,No,1000000,235000,Male,South Asian,No
FULLSTACK Retail Inc.,2020,Retail,New York,Yes,500000,113050,Female,White,No
Amnicell Corp.,2020,Healthcare Technologies,New York,Yes,700000,100000,"Female, Male",White,Yes
"InterPrice Technologies, Inc.",2020,FinTech,New Jersey,Yes,2000000,0,Female,"Southeast Asian, White",No
"First Class LTS - Ohio, LLC",2020,Transportation,Ohio,Yes,1000000,1000,Male,African-American / Black,Yes
D2AIRPORT INC.,2020,Travel,Florida,Yes,1380000,225000,Male,Hispanic/Latinx,No
Climate Solutions Net,2020,Energy & CleanTech,California,Yes,1000000,600000,Female,White,No
"Ataia, Inc.",2020,Healthcare Technologies,Texas,Yes,500000,740000,"Female, Male","East Asian, Southeast Asian, White",No
Baru Inc,2020,Other,New York,No,500000,175000,"Female, Male","African-American / Black, Pacific Islander, White",No
"CathBuddy, Inc.",2020,Healthcare Technologies,New York,Yes,500000,205000,Male,"South Asian, White",No
Skiveo,2020,Education,New Jersey,Yes,150000,0,Female,African-American / Black,No
Mi Terro,2020,Agricultural Technology,California,No,500000,150000,Male,"East Asian, South Asian",Not applicable
"Perinatal Access, Inc.",2020,Healthcare Technologies,Texas,No,1000000,0,Male,White,No
critical decision systems,2020,FinTech,Florida,No,0,0,Prefer Not to Say,American,Yes
HomeWorks Trenton,2020,Education,New Jersey,Yes,300000,135000,Female,"African-American / Black, East Asian",No
Layer Metrics LLC,2020,Manufacturing,New Jersey,No,500000,0,Female,White,No
TBD HEALTH INC.,2020,Healthcare Technologies,New York,Yes,875000,25000,Female,"East Asian, White",No
Chez Nous Brands Inc,2020,eCommerce,New York,Yes,500000,0,Female,"African-American / Black, East Asian, Hispanic/Latinx",No
JelikaLite LLC,2020,Healthcare Technologies,New York,Yes,1500000,0,Female,White,No
Nucleos Inc.,2020,EdTech,California,Yes,1000000,250000,Male,"African-American / Black, White",No
Halo Health Systems,2020,Healthcare Technologies,Texas,No,500000,75000,Male,Southeast Asian,No
PledgePlatform Inc.,2020,FinTech,Pennsylvania,Yes,400000,175000,Male,White,No
"Wit Labs, Inc.",2020,Advertising Technology,New Jersey,Yes,250000,350000,Male,South Asian,No
Alexapath Corporation,2020,Healthcare Technologies,New York,No,350000,150000,Male,"African-American / Black, Southeast Asian",No
BallBox,2020,Retail,Illinois,No,400000,120000,Male,Middle Eastern,No
CareStarter Technologies Inc.,2020,Healthcare Technologies,Texas,No,2000000,1500000,"Female, Male","American IndiaN/Alaskan Native, White",No
"IPD Products, Inc.",2020,Healthcare Technologies,Pennsylvania,Yes,850000,20000,Male,White,No
SURGERi Inc,2020,Healthcare Technologies,New Jersey,No,2300000,0,Male,South Asian,No
YRfacts (TBA),2020,Information Security,California,Yes,500000,0,Male,White,No
"Fisecal, LLC",2020,FinTech,New York,No,2000000,0,"Male, Gay",White,No
Gesso Inc,2020,Art & Music,New York,Yes,1000000,0,"Female, Male","East Asian, White",No
"Civic Champs, Inc.",2020,Other,Indiana,Yes,500000,536000,Male,"East Asian, White",No
Forwardlane Inc,2020,FinTech,New York,Yes,3000000,1900000,Prefer Not to Say,Human Being,Not applicable
"RxThat, Inc.",2020,Healthcare Technologies,Colorado,Yes,1250000,600000,"Male, Non-Binary/Third Gender","East Asian, South Asian, Southeast Asian, White",No
Proud Pour Inc.,2020,Food & Drink,Massachusetts,Yes,250000,0,"Female, Male",White,No
Catalyst Capital Partners,2020,Financial Services,"Washington, D.C.",Yes,300000,0,Male,White,No
Cyndescope,2020,Healthcare Technologies,Pennsylvania,Yes,1000000,55000,"Female, Male","African-American / Black, White",Not applicable
Al Sur Latin Kitchen and Catering LLC,2020,Food & Drink,Maryland,Yes,500000,75000,"Female, Male",Hispanic/Latinx,No
United World Unlimited,2020,Media & Entertainment,California,Yes,2500000,0,Female,"African-American / Black, South Asian, White",No
"KeyCaliber, Inc.",2020,Information Security,"Washington, D.C.",Yes,2000000,0,Female,White,No
International Orchestra of Refugees,2020,Art,Massachusetts,Yes,100000,1569,Male,White,No
eBodyGuard,2020,Health & Well-Being,Colorado,Yes,1500000,0,"Female, Male","Middle Eastern, White",No
RBP Studios,2020,EdTech,Pennsylvania,Yes,200000,0,Female,"African-American / Black, Hispanic/Latinx, Southeast Asian",No
"Beam Smart Retail, Inc.",2020,Food & Drink,New York,Yes,500000,200000,Male,East Asian,No
Presently,2020,FinTech,New York,Yes,150000,0,Female,"Middle Eastern, White, Central Asian",No
Andluca Technologies Inc.,2020,Energy & CleanTech,New Jersey,Yes,2000000,125000,"Female, Male","Southeast Asian, White",No
"HireLMNS, Inc.",2020,HR Tech,New York,Yes,1000000,0,"Female, Male",African,No
JGatoEnt,2020,Retail,California,Yes,1000000,0,Male,"Japanese, Italian-American",No
The Movement Gallery,2020,Healthcare Technologies,Maryland,Yes,700000,0,Female,White,No
winemakersspeakeasy.com,2020,Food & Drink,California,Yes,0,0,Male,"Italian, Japanese-American",No
Aveterra Corp,2020,Agricultural Technology,Washington,Yes,965000,165000,"Female, Male",White,No
Argonaut Genomics Inc.,2020,Healthcare Technologies,California,Yes,2000000,0,Female,East Asian,No
"Dexpress, Inc.",2020,FinTech,New York,Yes,650000,0,Male,White,No
"Lambent Data, Inc.",2020,Healthcare Technologies,New Jersey,Yes,65000,0,"Female, Male",White,Not applicable
"Career Copilots, Inc.",2020,HR Tech,New York,Yes,1000000,95000,Male,"South Asian, White",No
"Validose, Inc.",2020,Pharmaceuticals,New York,Yes,2000000,375000,Male,White,No
Academicly Inc.,2020,EdTech,New York,No,250000,50000,"Female, Male","African-American / Black, African, East Asian, White",No
"Salusive, Inc.",2020,Healthcare Technologies,California,Yes,2000000,50000,Male,"East Asian, Middle Eastern",No
Vysioneer,2020,Healthcare Technologies,Massachusetts,Yes,1000000,500000,Male,East Asian,No
Whiterock AI,2020,Real Estate,New York,No,600000,150000,Male,"East Asian, White",No
Nayya,2020,Healthcare Technologies,New York,No,900000,300000,Prefer Not to Say,"Middle Eastern, South Asian",No
Acadia,2020,Manufacturing,California,No,600000,0,"Female, Male","East Asian, South Asian, Southeast Asian",No
messageLOUD Inc,2020,Automobile,New York,No,585000,1215000,"Female, Male","African-American / Black, African, White",No
RealKey,2020,FinTech,California,No,1500000,500000,Male,"East Asian, Middle Eastern, Pacific Islander, South Asian, Southeast Asian, White",Not applicable
"Polycarbin, Inc.",2020,Healthcare Technologies,Pennsylvania,Yes,1000000,25000,Male,White,No
GEBECERT LIMITED,2020,Information Security,Hong Kong,No,258000,258000,"Female, Male","Southeast Asian, White",No
Superfuds SAS,2020,eCommerce,Colombia,Yes,3000000,2000000,Male,Hispanic/Latinx,No
"nanopathdx, LLC",2020,Healthcare Technologies,New Hampshire,Yes,500000,150000,Female,"South Asian, White",No
Verifi Media,2020,Art & Music,New York,Yes,3000000,0,Male,"East Asian, White",No
"Policyholder Technologies, Inc. (P TECH)",2020,Insurance,California,Yes,250000,0,Female,"American IndiaN/Alaskan Native, White",No
Alariss Global,2020,Other,California,Yes,250000,50000,Female,"East Asian, White, Central Asian",No
Parkside Scientific Inc.,2020,Biotechnology,New York,Yes,2000000,0,Male,East Asian,No
Nanopathdx LLC,2020,Healthcare Technologies,New Hampshire,Yes,500000,160000,Female,South Asian,No
RecurX Bio Inc,2020,Healthcare Technologies,Maryland,Yes,300000,0,Female,White,No
"LDVS, Inc",2020,Insurance,California,Yes,750000,250000,"Female, Male",White,No
WittyKid LLC,2020,Media & Entertainment,California,Yes,470000,0,"Female, Male","East Asian, White",No
DH Securities,2020,FinTech,Pennsylvania,Yes,2100000,0,Male,"African-American / Black, Hispanic/Latinx, White",No
"Sound.com, LLC",2020,Media & Entertainment,New Jersey,Yes,500000,0,Male,"Middle Eastern, White",No
BMSEED LLC,2020,Healthcare Technologies,Arizona,Yes,1500000,2950000,Male,White,No
"Wellesley Pharmaceuticals, LLC",2020,Pharmaceuticals,Pennsylvania,Yes,7800000,0,Male,White,No
ROYBI,2020,Artificial Intelligence,California,No,15000000,4200000,"Female, Male","East Asian, Middle Eastern",No
ShipReality Inc.,2020,Other,"Athens, Greece",Yes,400000,0,Male,White,No
Wesa LLC,2020,Healthcare Technologies,New York,No,600000,100000,"Female, Male","East Asian, Hispanic/Latinx, White",No
Mi Terro Inc.,2020,Agricultural Technology,California,No,1000000,0,Male,East Asian,No
Societas Analytics,2020,Artificial Intelligence,Maryland,No,2000000,0,Female,White,No
"Massive Bio, Inc.",2020,Healthcare Technologies,New York,Yes,10000000,0,Female,"Hispanic/Latinx, White",No
Mira,2020,Healthcare Technologies,California,No,2000000,0,Female,East Asian,No
The Crumpet Society,2020,Food & Drink,New Jersey,Yes,21500,20000,"Female, Male","East Asian, White, East European",No
"Haystack Diagnostics, Inc.",2020,Healthcare Technologies,Massachusetts,Yes,400000,0,Female,East Asian,Yes
Lumhaa LLC,2020,Social Media,Pennsylvania,Yes,500000,0,Female,South Asian,No
"DressStrong, Inc",2020,Retail,New York,Yes,0,0,"Female, Male","Hispanic/Latinx, Middle Eastern, White",No
Reclaim Energies,2020,Energy & CleanTech,New Jersey,Yes,200000,12000,"Female, Male","African-American / Black, White",Not applicable
Bopdrop inc.,2020,Art & Music,Illinois,Yes,237500,112500,Male,White,No
AfroRoots LLC,2020,Other,New York,Yes,200000,0,Male,"African-American / Black, White",No
"First Class LTS - Ohio, LLC",2020,Travel,Ohio,Yes,1000000,2000,Male,African-American / Black,Yes
The Collab Collective,2020,Energy & CleanTech,California,Yes,500000,150000,Female,East Asian,No
"Adora Experiences, Inc",2020,Education,New Jersey,Yes,250000,0,"Female, Male","African-American / Black, Middle Eastern, South Asian, White",No
Ver-still Distillation Systems LTD,2020,Food & Drink,Israel,Yes,2300000,1000000,Male,Other,Not applicable
round21,2020,Sports,Maryland,Yes,750000,50000,Female,Southeast Asian,No
Knoema Corporation,2020,FinTech,New York,No,5000000,0,Male,White,No
LUDIS,2020,Sports,New Jersey,Yes,0,0,Male,"South Asian, White, International",No
"Ramona Optics, Inc.",2020,Healthcare Technologies,North Carolina,Yes,3900000,2400000,"Female, Male","Middle Eastern, White",No
"Flux Marine, Ltd.",2020,Transportation,Massachusetts,Yes,650000,0,Male,White,No
"BLUEWAVE Technologies, Inc.",2020,Healthcare Technologies,Florida,Yes,3000000,1800000,Male,"African-American / Black, White",No
YRfacts.com,2020,Information Security,California,Yes,500000,0,Male,White,No
"Tonato Ventures, LLC",2020,FinTech,Delaware,Yes,250000,0,Female,African-American / Black,No
HighlightI Incorporated,2020,Information Security,Massachusetts,Yes,750000,0,Female,Other,No
Jules Consulting,2020,Other,New York,No,300000,0,Male,"African-American / Black, White",No
"EpiVax Therapeutics, Inc.",2020,Healthcare Technologies,Rhode Island,No,3000000,550000,Female,White,Yes
"Sapphire RCMS, LLC",2020,Healthcare Technologies,California,Yes,1500000,500000,"Female, Male","African-American / Black, Hispanic/Latinx, White",Yes
Quillflash,2020,Other,New Jersey,Yes,70000,0,Male,South Asian,No
Open Scout Inc.,2020,Financial Services,New York,Yes,1500000,0,"Female, Male","South Asian, White",No
Panda Corner Corporation,2020,Education,New York,Yes,1500000,0,Female,"East Asian, White",No
Soma Measure,2020,Other,Pennsylvania,Yes,1000000,0,Female,"East Asian, White",No
RIVIT TV,2020,Media & Entertainment,California,No,5500000,4500000,Male,White,No
"Validose, Inc.",2020,Healthcare Technologies,New York,Yes,1200000,800000,Male,White,No
Victory Studios SAT,2020,Advertising Technology,Texas,Yes,10000,1300,Male,Hispanic/Latinx,No
"Career Copilots, Inc.",2020,HR Tech,New York,Yes,500000,60000,"Female, Male","South Asian, White",No
MDelivery,2020,Healthcare Technologies,California,Yes,1000000,0,Male,"Hispanic/Latinx, White",No
"MindCotine, Inc.",2020,Healthcare Technologies,California,Yes,2000000,0,Male,Hispanic/Latinx,No
Adelaide Analytics Inc.,2020,Advertising Technology,New York,Yes,2000000,0,"Female, Male",White,No
Africa Systems Limited Liability Company,2020,Healthcare Technologies,New Jersey,Yes,1000000,5000,Female,African,No
eBodyGuard LLC,2020,Safety,Colorado,Yes,600000,100000,Female,White,No
QuorID Corporation,2020,Healthcare Technologies,Nevada,Yes,2000000,0,"Female, Male","African-American / Black, Hispanic/Latinx, South Asian, White",No
"Beltways, Inc.",2020,Transportation,California,Yes,1000000,0,Male,"Kurdish, Persian",No
"Alariss Global, Inc.",2020,EdTech,California,Yes,550000,30000,Female,"East Asian, Central Asian",No
"Lambent Data, Inc.",2020,Healthcare Technologies,New Jersey,Yes,175000,0,Female,White,No
Stratos Networks Inc.,2020,GovTech,New York,Yes,500000,0,Male,White,No
"Presently, LLC",2020,FinTech,New York,Yes,1200000,0,Female,"Middle Eastern, White, Central Asian",No
Principld Investing,2020,FinTech,New York,Yes,800000,200000,Male,"Hispanic/Latinx, White",No
"Rymedi, Inc.",2020,Healthcare Technologies,South Carolina,Yes,3000000,400000,Male,White,No
Lelu,2020,EdTech,California,Yes,1000000,0,Female,"East Asian, Hispanic/Latinx",No
"MD Kinect, Inc.",2020,Healthcare Technologies,California,No,3000000,0,Male,"Middle Eastern, Southeast Asian",No
koyn. LLC,2020,Social Media,New Jersey,Yes,2000000,0,Male,"Middle Eastern, South Asian, White",Yes
DAIMLAS,2020,Artificial Intelligence,New Jersey,No,25000,0,Male,"Middle Eastern, Pacific Islander",No
"Focused Majority, LLC",2020,All Industries,Pennsylvania,Yes,1000000,0,Male,White,No
Yoga Wearable,2020,Consumer Products,Pennsylvania,No,1000000,0,Prefer Not to Say,,No
"ReplayAR, Inc.",2020,Mobile,California,No,350000,100000,Male,White,No
Medsix Inc.,2020,Healthcare Technologies,Massachusetts,No,1500000,800000,Male,"South Asian, East Asian,",No
Clepsoul IT services Pvt Ltd,2020,IT Services,India,No,100000,0,Male,South Asian,No
Quantum Marketing Group LLC dba Rose Sisters Chips,2020,Food & Drink,Connecticut,No,500000,0,Male,White,No
Oxeye,2020,Software,India,No,350000,20000,Male,South Asian,No
FORTË,2020,Consumer Services,New York,Yes,2000000,1000000,Female,White,No
NUE,2020,Consumer Products,Michigan,Yes,2000000,250000,Male,"African-American / Black, White",No
Zage,2020,FinTech,New Jersey,Yes,2500000,20000,Male,South Asian,No
Anthology Corp.,2020,Software,New Jersey,No,800000,0,Prefer Not to Say,White,No
GreenSeed Ventures,2020,Energy & CleanTech,New Jersey,Yes,,0,Male,"African-American / Black, White, Hispanic/Latinx",No
Eddi Products,2020,Consumer Products,New York,No,1000000,20000,"Female, Male",White,Yes
Vestalyze,2020,FinTech,Virginia,Yes,600000,0,Male,White,No
Grouport Therapy,2020,Healthcare Technologies,New York,Yes,1000000,45000,Male,White,No
Brigter,2020,Energy & CleanTech,United Kingdom,No,200000,0,"Female, Male","African, South Asian, White",No
SALUBATA,2020,Retail,Delaware,Yes,1000000,139000,Male,African-American,No
Atqui,2020,Healthcare Technologies,Florida,No,1250000,0,Prefer Not to Say,"Southeast Asian, White, Hispanic/Latinx",No
Alomics,2020,Biotechnology,Israel,Yes,500000,0,"Female, Male","Middle Eastern, White",No
True Dat Inc.,2020,Software,California,Yes,2000000,500000,Male,South Asian,No
Rice Pizza Ltd.,2020,Food & Drink,New York,Yes,1000000,0,Male,East Asian,No
"Groundstar, LLC",2020,Software,Ohio,Yes,3000000,200000,Male,East Asian,No
Phenotype,2020,Biotechnology,New Jersey,Yes,1000000,0,Male,South Asian,No
Hey Mirza,2020,Financial Services,United Kingdom,Yes,1200000,250000,Female,"East Asian, White",No
Good Earth Organics,2020,Agricultural Technology,Oregon,Yes,10000000,500000,Female,White,No
Mylance,2020,Business Services,California,No,1000000,0,Male,White,No
"RecurX Bio, Inc.",2020,Healthcare Technologies,Maryland,Yes,500000,110000,Female,White,No
ping,2020,Mobile,New York,Yes,585000,0,Male,White,No
Agile Devices,2020,Healthcare Technologies,Massachusetts,Yes,730000,270000,Male,"East Asian, White",No
Mentor Ship,2020,Education,New York,Yes,150000,0,Female,Middle Eastern,No
"AcuityBio, Inc.",2020,Healthcare Technologies,Massachusetts,Yes,4000000,350000,Male,"Middle Eastern, White",No
"Strategic Capital Allocation Group, LLC",2020,Financial Services,Massachusetts,Yes,500000,0,Male,White,No
Rubitection,2020,Healthcare Technologies,Pennsylvania,No,2000000,300000,Female,"African, White",No
Let's Get Set,2020,Fintech,California,Yes,250000,35000,Female,White,No
LUXLOCK,2020,Business Products,New York,Yes,5000000,0,Female,"South Asian, White, Hispanic/Latinx",No
Spoonful,2020,Consumer Products,California,Yes,1000000,0,Female,South Asian,No
Parkside Scientific Inc.,2020,Biotechnology,New York,Yes,3000000,0,Male,"East Asian, White",No
Verifi Media,2020,Software,New York,Yes,3000000,1400000,Male,"East Asian, White",No
Marketplace.city,2020,Software,Illinois,Yes,2000000,200000,Male,White,No
Liv Labs,2020,Healthcare Technologies,Illinois,Yes,500000,213530,"Female, Male",White,No
Oncoheroes Biosciences Inc.,2020,Biotechnology,Massachusetts,Yes,4000000,0,Male,"White, Hispanic/Latinx",No
3quilibrium Co.,2020,Media & Entertainment,New York,No,,0,Male,"East Asian, White",No
Attack Discrimination,2020,Internet / Web Services,Pennsylvania,Yes,10000000,0,Male,White,No
StarSpec Technologies Inc.,2020,Aerospace,Canada,Yes,5000000,5000,Prefer Not to Say,"Southeast Asian, White, Hispanic/Latinx",No
YRfacts,2020,Advertising Technology,California,Yes,200000,0,"Male, Prefer Not to Say","White, Hispanic/Latinx",No
"VidDrop, Inc. ",2020,Internet / Web Services,California,Yes,250000,80000,Female,"African-American / Black, White",Yes
TBD Health,2020,Healthcare Technologies,Connecticut,Yes,800000,0,"Female, Male","East Asian, White",No
Around About Club,2020,Travel,Utah,Yes,300000,0,"Female, Male",White,No
Cinemagic,2020,Media & Entertainment,Massachusetts,Yes,1200000,5000,Male,White,No
Akilah Wearable Tech (AWT),2020,Retail,Illinois,Yes,325000,130000,Female,African-American / Black,No
TUYO,2020,Travel,Mexico,Yes,500000,3000,"Female, Male","White, Hispanic/Latinx",No
Orbis Diagnostics Limited,2020,Biotechnology,New Zealand,No,9000000,0,"Female, Male","Southeast Asian, White,",No
PhysioCue,2020,Healthcare Technologies,California,No,7000000,900000,Male,"South Asian, White,",Yes
Jumbo,2020,Sports,New York,Yes,750000,5000,Male,"White, Hispanic/Latinx",No
dineoutwith.us,2020,Food & Drink,New York,Yes,500000,0,Male,"African-American / Black, White",No
Articulate Labs,2020,Healthcare Technologies,Texas,No,750000,25000,Male,White,No
American Shochu Company,2020,Food & Drink,Maryland,No,2000000,0,Male,"East Asian, White",No
Nexus Digital Technology,2020,Software,United Kingdom,No,1000000,0,"Female, Male",Middle Eastern,No
Lumist,2020,Education,Canada,Yes,25000000,10000000,Male,"East Asian, White",No
Hooman 's Startup,2020,Real Estate,New York,Yes,1000000,300000,Male,Middle Eastern,No
JelikaLite LLC,2020,Biotechnology,New York,Yes,5000000,350000,Female,"Middle Eastern, White",No
Latin Goodness Foods,2020,Food & Drink,Maryland,Yes,2000000,100000,Female,"White, Hispanic/Latinx",No
Legend Acres,2020,Agricultural Technology,Arizona,No,80000,0,Female,White,Yes
Hive,2020,Internet / Web Services,New Jersey,No,,,Female,"South Asian, Pacific Islander, Southeast Asian, East Asian, White",No
StarSpec Technologies,2020,Aerospace,Canada,Yes,5000000,0,Male,"Southeast Asian, White, Hispanic/Latinx",No
OxiWear.Inc,2020,Healthcare Technologies,Virginia,No,750000,200000,Female,South Asian,No
Nucleos Inc.,2020,Education,California,Yes,1500000,150000,Male,Hispanic/Latinx,No
Critical Decision Systems,2020,FinTech,Florida,Yes,250000,0,Prefer Not to Say,White,Yes
Baru Inc. (OLD),2020,Consumer Products,New York,No,1000000,260000,"Female, Male","South Asian, Pacific Islander, East Asian, White",No
VlipSide,2020,Consumer Services,California,Yes,470000,0,"Female, Male","East Asian, White",No
"Baubap, S.A.P.I. de C.V.",2020,FinTech,Mexico,No,3000000,0,"Female, Male","Middle Eastern, White, Hispanic/Latinx",No
inCTRL,2020,Mobile,Georgia,Yes,10000,0,"Female, Male",White,No
Stingray Therapeutics Inc.,2020,Healthcare Technologies,Texas,No,1000000,500000,Prefer Not to Say,"East Asian, White, Hispanic/Latinx",No
NirVue Technologies,2020,Healthcare Technologies,Massachusetts,Yes,1300000,0,Female,White,No
Realworld,2020,Consumer Services,New York,Yes,1500000,400000,Female,White,No
Adventurelist,2020,Travel,New Jersey,Yes,500000,1500,Male,White,Yes
MDelivery,2020,Healthcare Technologies,Texas,Yes,500000,0,Male,"Southeast Asian, Middle Eastern, White, Hispanic/Latinx",No
Wesa LLC,2020,Electronics ,New York,Yes,500000,100000,Female,"East Asian, Middle Eastern, White, Hispanic/Latinx",No
Mechanicus,2020,Transportation,Michigan,No,20000,0,Male,African-American / Black,No
eXeer Biotech,2020,Biotechnology,California,Yes,5000000,0,"Female, Male","Middle Eastern, White",No
3Diligent,2020,Internet / Web Services,California,Yes,500000,300000,Male,"Southeast Asian, White",No
BallBox,2020,Retailing / Distribution,Colorado,No,250000,120000,Male,Middle Eastern,No
"Ceretype Neuromedicine, Inc.",2020,Biotechnology,Massachusetts,Yes,1500000,0,Female,"East Asian, White",No
Eleanor's Startup,2020,Consumer Services,Massachusetts,Yes,300000,70000,"Female, Male","South Asian, East Asian",No
Nutricart,2020,Food & Drink,Virginia,Yes,40000,0,Female,East Asian,No
Career Copilots,2020,Education,New York,Yes,600000,100000,Male,"South Asian, White",No
Kosmos,2020,FinTech,California,Yes,,200000,"Non-Binary/Third Gender, Male","South Asian, East Asian, Middle Eastern, White, Hispanic/Latinx",No
Jiguar,2020,Healthcare Technologies,New York,Yes,500000,0,"Female, Male",South Asian,No
Lambent Data,2020,Software,New Jersey,Yes,350000,0,"Female, Male",White,Yes
Presently,2020,Business Services,California,Yes,1600000,50000,Female,"South Asian, Middle Eastern, White",No
Pluto,2020,Internet / Web Services,California,Yes,800000,200000,Male,White,No
EVRI,2020,Real Estate,California,Yes,500000,0,Male,White,No
Vestive,2020,FinTech,New York,No,800000,0,Prefer Not to Say,,
Lelu,2020,Education,California,No,1000000,0,Female,"East Asian, Hispanic/Latinx",No
FounderTribes,2020,Education,United Kingdom,Yes,1000000,600000,"Female, Male","African, African-American / Black, White",No
"Rymedi, Inc.",2020,IT Services,South Carolina,No,3000000,0,Male,White,No
DAIMLAS,2020,IT Services,Massachusetts,No,25000,0,Male,"Middle Eastern, Pacific Islander",No
koyn. LLC,2020,Internet / Web Services,New York,No,2000000,0,Male,"Middle Eastern, South Asian, White",No
"MD Kinect, Inc. ",2020,Healthcare Technologies,California,No,3000000,0,Male,"Middle Eastern, Southeast Asian",Yes
S-O-M-A Measure,2020,Consumer Products,Pennsylvania,Yes,150000,0,Female,"East Asian, White",No
Parkside Scientific Inc,2020,Biotechnology,New York,Yes,3000000,0,Prefer Not to Say,"East Asian, White",No
Mella Pet Care,2020,Consumer Products,Illinois,Yes,1000000,720000,Female,East Asian,No
Soli,2021,Energy & CleanTech,Massachusetts,Yes,1500000,0,"Female, Male","White, Hispanic/Latinx",Yes
Tourmato,2021,Education,California,Yes,43000,43000,"Female, Male",East Asian,No
PharmD Live Corporation,2021,Healthcare Technologies,Washington D.C.,No,1000000,127000,Female,"African, East Asian",No
Siddha Health,2021,Healthcare Technologies,California,No,400000,0,Male,Hispanic/Latinx,No
"DeLorean Artificial Intelligence, LLC",2021,IT Services,Florida,Yes,3000000,75000,Male,"South Asian, White",No
Garghemol di Raffaella Verga,2021,Consumer Products,Italy,No,1200000,2000,Female,White,No
"zeroto6t, inc. DBA herohomes.com",2021,Financial Services,Michigan,Yes,240000,850000,Male,White,Yes
Arbela Laboratories Inc.,2021,Energy & CleanTech,New Jersey,Yes,3000000,0,Male,"White, Hispanic/Latinx",No
Upfront,2021,Consumer Services,New York,Yes,500000,200000,Female,"South Asian, Middle Eastern, White",No
Buyer Folio Inc.,2021,Software,Canada,No,150000,0,"Female, Male","African, African-American / Black",No
"The OhZone, Inc.",2021,Retail,California,No,3000000,0,Female,"American Indian/Alaskan Native, Southeast Asian",Yes
Wooduchoose Ltd,2021,Construction,United Kingdom,No,450000,0,Male,White,No
Bloomfield Robotics,2021,Agricultural Technology,Pennsylvania,No,1000000,750000,Male,White,No
ThoughtData,2021,Software,Massachusetts,No,750000,0,Male,South Asian,No
Vetigenics,2021,Biotechnology,Pennsylvania,No,1000000,200000,Female,White,No
GOffee,2021,Food & Drink,New York,No,1000000,60000,"Female, Male","African, White",No
Firehawk Aerospace Inc.,2021,Aerospace,Florida,No,15000000,0,Male,White,Yes
plantedpeople.com,2021,Software,Idaho,Yes,500000,72000,Male,South Asian,No
Manic Kat Records,2021,Media & Entertainment,New York,No,500000,200000,Male,White,No
Lori's Startup,2021,Software,New York,No,750000,0,Female,"Southeast Asian, East Asian, White",No
Ponapal,2021,Healthcare Technologies,Georgia,Yes,330000,0,Male,African-American / Black,No
StratusX,2021,IT Services,New York,No,3000000,1000000,Male,"African, Middle Eastern",No
Elifinty,2021,FinTech,united Kingdom,No,500000,225000,"Female, Male","South Asian, White, Hispanic/Latinx",No
Athletes In Recruitment Inc.,2021,Software,Texas,No,100000,165000,Male,"African-American / Black, White",No
T4L,2021,Transportation,Florida,No,1000000,140000,Male,"African-American / Black, Southeast Asian, East Asian, White, Hispanic/Latinx",No
Maze-AR,2021,Business Services,california,Yes,1000000,12000,Male,"South Asian, White",No
Sunhill,2021,Consumer Products,new jersey,No,750000,0,Male,South Asian,No
Bua Fit,2021,Sports,united Kingdom,No,500000,0,Male,White,No
Doorage,2021,Real Estate,Illinois,No,3400000,0,Male,White,No
Homebase,2021,Other,New York,No,650000,0,"Female, Male",African-American / Black,No
TagHawk,2021,Internet / Web Services,Massachusetts,No,1000000,200000,"Female, Male","East Asian, White",No
VIELL,2021,Media & Entertainment,california,No,1000000,100000,Male,Middle Eastern,No
RubyRide,2021,Transportation,Pennsylvania,No,2000000,0,Male,White,No
Monogamish,2021,Other,Australia,No,500000,0,Male,White,No
ElevenTwelve,2021,Food & Drink,california,Yes,100000,60000,Prefer Not to Say,White,No
Enroute,2021,Transportation,Israel,No,3000000,600000,Male,White,No
Chipin,2021,FinTech,Australia,No,500000,0,Male,"East Asian, Middle Eastern, White",No
"CarBuddy, Co.",2021,Mobile,Pennsylvania,Yes,3000000,250000,Male,"American Indian/Alaskan Native, White, Hispanic/Latinx",Yes
3rdDegree,2021,Mobile,Tennessee,No,550000,0,Female,White,No
B2B Negocios,2021,Software,Mexico,No,1000000,0,Male,Hispanic/Latinx,No
MoNoA,2021,Healthcare Technologies,Belgium,No,3000000,820000,Male,White,No
"Tru-Spot Technologies, Inc.",2021,Mobile,Mississippi,No,1000000,300000,Male,African-American / Black,Yes
Pynk,2021,FinTech,united Kingdom,No,1500000,150000,Male,White,No
Lanterns,2021,Gaming,Tunisia,No,2500000,900000,Male,"African, Middle Eastern, White",No
Phoxy,2021,Software,california,No,500000,0,Male,African-American / Black,No
Naivya,2021,Internet / Web Services,New York,No,1000000,0,Male,"South Asian, White",Yes
Mitzvah Wear,2021,Retail,New York,Yes,50000,13000,Male,White,No
Upbots GmbH,2021,FinTech,Switzerland,No,3000000,0,Male,White,No
London Trade Art,2021,FinTech,United Kingdom,No,350000,138000,Female,White,No
Binary Analytics,2021,Consulting,Ohio,No,700000,0,Prefer Not to Say,"Middle Eastern, White",No
Basis,2021,Food & Drink,New York,Yes,1250000,675000,Female,White,No
Quick Safety Pty Ltd,2021,IT Services,Australia,No,1300000,148000,Male,White,Yes
QOLOS,2021,Software,Wisconsin,No,500000,0,Male,White,No
ORBAI,2021,Internet / Web Services,California,No,5000000,0,Male,White,Yes
Labyrinthe,2021,Real Estate,New York,Yes,2000000,0,Male,"Southeast Asian, East Asian",No
Hotels By Day,2021,Internet / Web Services,New York,No,1000000,200000,Male,"African, Middle Eastern, Hispanic/Latinx",No
Ahmed's Startup,2021,IT Services,Ohio,No,1500000,0,Male,"American Indian/Alaskan Native, Southeast Asian",No
Spoonful,2021,Consumer Products,California,Yes,1000000,0,Female,South Asian,No
Rootine,2021,Consumer Products,Tennessee,Yes,3000000,2500000,Female,"African-American / Black, Southeast Asian, White, Hispanic/Latinx",No
One Clique Systems,2021,Software,United Arab Emirates,Yes,500000,0,"Female, Male",Middle Eastern,No
One Creation Corporation,2021,Software,New Jersey,No,3000000,1100000,"Female, Male","East Asian, White",No
Jar Goods,2021,Food & Drink,New Jersey,No,1000000,50000,Female,White,No
Telkes,2021,Energy & CleanTech,New York,Yes,600000,0,"Female, Male","White, Hispanic/Latinx",No
Vootto,2021,Energy & CleanTech,Israel,No,1000000,0,Male,Middle Eastern,No
Suspect Technologies,2021,Security,Massachusetts,Yes,2000000,1300000,Male,White,No
"Claudius Legal Intelligence, Inc.",2021,Software,New Jersey,Yes,400000,0,"Female, Male","African-American / Black, East Asian, White, Hispanic/Latinx",No
Lumhaa: The Memory Jar Company,2021,Internet / Web Services,Pennsylvania,Yes,500000,0,Female,South Asian,No
MisenBox,2021,Food & Drink,New Jersey,No,1500000,150000,Male,"African, African-American / Black, East Asian",No
Oxitone Medical,2021,Healthcare Technologies,Connecticut,No,6000000,1000000,Male,Middle Eastern,No
HALLO TECHNOLOGIES LLC,2021,Internet / Web Services,Delaware,No,3000000,65000,Male,"Southeast Asian, White, Hispanic/Latinx",No
Mori,2021,Healthcare Technologies,New York,Yes,50000,0,Female,White,No
"Harvest Direct Enterprises, LLC",2021,Biotechnology,Washington,No,3000000,1000000,"Female, Male","African, African-American / Black, Middle Eastern, White",No
YRfacts,2021,Digital Marketing,California,Yes,200000,300000,Male,White,Yes
Amelia,2021,Aerospace,California,No,1000000,0,Male,White,No
"RecurX Bio, Inc.",2021,Healthcare Technologies,Maryland,Yes,500000,150000,Female,White,No
Village in a box,2021,Energy & CleanTech,Israel,No,8250000,2100000,Male,"Middle Eastern, White",No
Ship&Co,2021,Transportation,France,No,500000,0,"Female, Male",Middle Eastern,No
EchoX Technology Limited,2021,Healthcare Technologies,Hong Kong,No,1000000,200000,Female,East Asian,No
"Transfer, Inc.",2021,Software,Washington,No,110000,27500,Male,African-American / Black,No
NXT Grid,2021,Energy & CleanTech,Netherlands,No,1500000,0,Male,"African, White",No
Pika,2021,Electronics / Instrumentation,Israel,No,500000,50000,"Female, Male,",Middle Eastern,Yes
Junk Theory,2021,Consumer Products,California,No,1500000,0,Female,"African, White",No
Legion Health,2021,Healthcare Technologies,Texas,Yes,,125000,Male,"South Asian, Pacific Islander, White",No
LuSeed Vascular,2021,Healthcare Technologies,Israel,Yes,1500000,1550000,Male,Middle Eastern,No
CalWave Power Technologies,2021,Energy & CleanTech,California,Yes,350000,800000,,"Pacific Islander, White",Yes
ADX,2021,Biotechnology,United Kingdom,No,3000000,0,Male,"South Asian, White",No
Raise DM Closed,2021,Software,Australia,Yes,700000,43000,"Female, Male","South Asian, White",No
"BACCH Laboratories, Inc.",2021,Software,New Jersey,Yes,2000000,456500,Male,"Middle Eastern, White",No
ShipReality Inc.,2021,Maritime/Shipping,Delaware,Yes,400000,50000,Male,White,No
DH Securities,2021,Financial Services,Pennsylvania,Yes,2500000,0,Male,"African-American / Black, White, Hispanic/Latinx",No
SciDrain,2021,Healthcare Technologies,Illinois,Yes,1000000,0,Male,"Southeast Asian, White, Hispanic/Latinx",No
Data Huddle,2021,Financial Services,New York,No,125000,25000,Male,African-American / Black,No
sesh,2021,Business Products,California,Yes,500000,0,Male,"African-American / Black, White",Yes
PayFina,2021,Financial Services,Virginia,No,5000000,1000000,Male,White,No
JelikaLite LLC,2021,Biotechnology,New York,Yes,5000000,400000,Female,White,No
Oncoheroes Biosciences Inc.,2021,Biotechnology,Massachusetts,Yes,4000000,575000,Male,Hispanic/Latinx,No
Haystack Diagnostics (dba Haystack Dx),2021,Healthcare Technologies,Massachusetts,Yes,300000,650,Female,"South Asian, Southeast Asian, White",Yes
Let's Get Set,2021,FinTech,California,Yes,250000,110000,Female,White,No
Fresh Cut,2021,Agricultural Technology,New Jersey,No,320000,0,Male,"East Asian, White",Yes
Optimal Acuity Corporation,2021,Healthcare Technologies,New Jersey,Yes,2000000,0,Male,"South Asian, White",No
ATMOS Financial,2021,FinTech,California,No,1000000,0,Male,White,No
Validose,2021,Healthcare Technologies,New York,Yes,1400000,550000,Male,White,No
Doctionary,2021,Healthcare Technologies,Connecticut,Yes,1300000,0,Female,White,No
Apricity Health LLC,2021,Healthcare Technologies,Texas,No,5000000,4000000,Female,"African-American / Black, Southeast Asian, White",No
Uplift Labs,2021,Software,California,Yes,3000000,0,Male,"Southeast Asian, East Asian, White",No
Graphene TX,2021,Nanotechnology,Texas,Yes,,1800000,Male,East Asian,No
Birb,2021,Advertising Technology,New York,Yes,2000000,0,"Female, Male",White,No
Cooler,2021,Internet / Web Services,California,No,2100000,750000,"Female, Male",African-American / Black,No
Pluto,2021,Internet / Web Services,California,Yes,800000,200000,Male,White,No
Lambent Data,2021,Software,New Jersey,Yes,350000,0,"Female, Male",White,Yes
unspun,2021,Retail,California,No,6000000,4000000,"Female, Male","East Asian, White",No
XCINEX,2021,Media & Entertainment,California,Yes,1000000,344000,Male,"East Asian, Middle Eastern, White",No
e-Fin,2021,FinTech,South Africa,No,30000000,2000000,Male,White,No